{
    "accuracy": 98.2,
    "dice": 0.8522929047781324,
    "iou": 0.7814156441461473
}